"0","Companies Group","Wandyst Rilese","8 East Main","G9H 2R","West Greenwicho","0","(6373) 30 6307 57","wandyst.rilese6292@mail.com"
"1","Solutial","Raul Coope","890 Odum Rive, Bridgeporth","E4N 1S1Z","Dale","3","(3) 84 16 7937 94","raul.coope9278@mail.com"
"2","Union Steways Graw-Hill","Constanya Patriceroa","139 Meadsdendalem","H8E 2Y1","Unc Charlotterson C","1","028-84-438-66","constanya.patriceroa3324@mail.com"
"3","Automas","Pea Leonaldez","11 Road, Mobile","B5A 2T","Shaw Havendale Cityd","2","(922) 51 5527 31 21","pea.leonaldez5028@mail.com"
"4","E Inc. Group Inc.J. Hotec","Normantho Pattonesen","72 Magnolisade","B5A 2W9","Eustissouri Cityn","2","(339) 02 5149 33 10","normantho.pattonesen6339@mail.com"
"5","Worthlings Corp","Anniellen Mathisho","5 Hwy 31 South","H 2R6C","Delray","0","(7219) 13 9936 97","anniellen.mathisho9999@mail.com"
"6","A.G. Edison","Jud Romerya","1 Glenmontgomery","G8N 2R6","Windenter","2","(860) 58 5828 40 94","jud.romerya211@mail.com"
"7","Pactive Corporation","Mariell Shawkinsons","2465 Bridgeporth Berl","G5R 0Y8E","Santa","9","(635) 24-378-264","mariell.shawkinsons3427@mail.com"
"8","Cooper Corporatt","Roberlynn Murphyn","5 7Th State Road 48","V0X 1Y8","Nort Smith Chicago","3","(8) 54 52 7149 75","roberlynn.murphyn1540@mail.com"
"9","McLeodUSA","Sallynth Garzar","301 Hwy 280 West","T 3L9V","Loney","9","(472) 17-997-648","sallynth.garzar2533@mail.com"
"10","Stores Compuwartment","Aarolin Shawsonsend","431 No Brewton","J0H 1Z6C","Santa Clain View Hgt","0","(0609) 00 8067 39","aarolin.shawsonsend4373@mail.com"
"11","Resourcel Corporational","Georgen Clarkerso","10 W Geneseonta Hillow","T1P 0L","Unc Charlotterson C","0","(2747) 83 6239 67","georgen.clarkerso3960@mail.com"
"12","Equit Inc","Anniellen Josephen","74 Bringfield Ave","M 0Y3K","High Poine","0","(2379) 05 2750 34","anniellen.josephen8343@mail.com"
"13","Genetts Inc","Jea Jordanie","1 N, Pleasanton","G0A 1R3P","Pk Pago Parkst","0","(9765) 84 6466 79","jea.jordanie6725@mail.com"
"14","Doministaurant","Ellen Bish","2300 Meadows","P9N 3X","Lee Halley West","3","(7) 24 34 4397 42","ellen.bish5124@mail.com"
"15","B Holding Inc","Richeald Owensonston","297 US Rt 300 Hwy 31","J2K 1H8","Port Eustissouri C","0","(3347) 42 8011 94","richeald.owensonston7976@mail.com"
"16","Agways","Christy Waltones","1903 Colony Blvd E","L6A 0A9","Windenter","0","(0890) 65 0022 23","christy.waltones2429@mail.com"
"17","Armstries","Jeffrede Kellsonson","1 Cort Ferry Routh Atla","M 1C2T","Mounta Road Townsen","8","(281) 4483 9993 1","jeffrede.kellsonson1931@mail.com"
"18","PS Group Inc.B. H. Resourc","Paul Roge","352 Parkway, Vester","V 3E7B","Salvadowsandbridge","9","(488) 28-442-256","paul.roge2543@mail.com"
"19","TT Inc","Jimmie Bartez","65 Cott Drive, Jaspect","J5A 2W9H","Pine Plaireno Valley","4","(205) 0480 6965","jimmie.bartez8438@mail.com"
"20","Asson Inc.P. Mogul","Debrandal Hansonsende","140A Universvilley","L4P 3G8E","Mtness Angelottery","3","(3) 05 08 1817 54","debrandal.hansonsende2146@mail.com"
"21","West Corp","Alm Suttonesel","608 W Malls Drive","G7N 3P3","Lloyd Center","9","(698) 95-667-382","alm.suttonesel4603@mail.com"
"22","Group, Inc. Healthcare","Ire Nunezier","42417 Hille Rt 59","P7B 2J5","San Salt Louissouri","6","67-8702-36","ire.nunezier7400@mail.com"
"23","Corporational Inc. Gro","Jess Riosephenso","97 US Hwy Road, Chelmsford","L0N 3X0","Clairewstland Mallsto","2","(651) 18 5957 28 19","jess.riosephenso5551@mail.com"
"24","Providson Corporational","Wandyst Crossey","65 Brencerpring Blvd","V7B 1L","Pago Parke Cityster","8","(483) 3244 2581 9","wandyst.crossey6580@mail.com"
"25","Searsh","Bradleyn Mccartin","706 New Halisadegan","P9N 3X","Lloyd Center","2","(618) 74 6796 24 83","bradleyn.mccartin7534@mail.com"
"26","AMARK Corporational","Sallynth Reyn","1301 RT 9W, Hunterda","J2K 1H6","Oak Pason Barbara","4","(542) 4231 7974","sallynth.reyn542@mail.com"
"27","Finance Inte","Benja Rower","201 US Rt 12","T4E 3K7C","Loney","3","(0) 39 93 5108 29","benja.rower6678@mail.com"
"28","Northwes Inc. of","Kyleri Chapmanders","3222 St, Torringfield","G9T 2C1H","Salvadort","0","(8108) 78 0667 80","kyleri.chapmanders8511@mail.com"
"29","Willing Corporation","Lucille Schmi","12 Parkhurst Bypassach","E7H 0R6","San Salvadord Pason","3","(9) 90 39 4853 25","lucille.schmi6375@mail.com"
"30","Compan","Jess Vaugh","1 Pepperry Hilline R","P1S1P1H","Dale","9","(815) 12-138-916","jess.vaugh5283@mail.com"
"31","Appart Inc. Hotections","Sander Simst","1470 Fairhopect","G5R 0Y3E","Lloyd Center","7","(03) 337-16-68-949","sander.simst4734@mail.com"
"32","Tollab Inc","Julinett Foxwe","5 Wate 211 Rt 59, Hun","J2K 1H","Loney","0","(9020) 61 8116 85","julinett.foxwe354@mail.com"
"33","NVR Inc","Alfrede Farmonsons","26 Olive, Tall","H 2R6C","Harbara Farmspect","9","(890) 88-105-102","alfrede.farmonsons729@mail.com"
"34","Ener","Alfrede Carpenter","5 Schillege Crossington","G9T 2C1","Orlandbridge Bluffson","0","(8961) 10 0733 95","alfrede.carpenter9472@mail.com"
"35","Part Hannellwoodyear","Cindalu Trankl","137 Readsdence","V7B 2E","Lake Plaireno","5","(80) 718-51-436-73","cindalu.trankl8389@mail.com"
"36","Utilwell Corporater","Arlenee Nune","3 Hwy, Ave-Suite","H8T 3L9","Point Prospect Bridge","0","(7967) 33 1105 70","arlenee.nune7117@mail.com"
"37","UAL Co. Inc. Roebuck","Pearlar Murryant","62 Stary Hille Road","H4J 2Y","West Collinson","2","(647) 69 3791 87 71","pearlar.murryant5543@mail.com"
"38","W Inc.R. Health & No","Bil Myersonsen","1011 RT 9W, Doughampton","E4J 2Y0C","Lloyd Center","9","(553) 02-171-707","bil.myersonsen4401@mail.com"
"39","Corporation Company","Sheila Shardson","7 Brockporth Belton","V7B 2J5R","Shaw Havendale Cityd","3","(6) 64 01 3170 99","sheila.shardson4731@mail.com"
"40","AES Corporational","Bradleyle Austinezale","5, Brockton","G5R 0Y","Loney","8","(038) 4595 1545 7","bradleyle.austinezale4098@mail.com"
"41","Oil Company Enging","Ire Beckerso","655 Way, Dothamptown","E5A 2X2","San Rafaelray Beacho","4","(289) 2562 9552","ire.beckerso6889@mail.com"
"42","Heuse Corporated","Christy Woodwi","3018 Street","N0M 1C2V","Lakest Orand","0","(3091) 36 9716 80","christy.woodwi9174@mail.com"
"43","Corp. Inc. Pennific","Cry Swansendova","1625 Saley Blvd","T1P 0L6A","Townsendependermereen","3","(2) 21 13 6547 07","cry.swansendova5195@mail.com"
"44","UST Systerson","Barb Riverald","2400 Sprise Se, New","T1P 0L6A","Cityouth Windependependa","0","(7267) 15 4356 11","barb.riverald7674@mail.com"
"45","Strations","Wandyst Powelle","6 Street Hwy 4310","G0A 1H6","Lloyd Center","0","(9282) 64 0729 01","wandyst.powelle5356@mail.com"
"46","Huntic Company, Inc.W","Mildre Mendova","24, Mohegan Mercial","H 1Z6C","Windenter","0","(2708) 63 1705 81","mildre.mendova562@mail.com"
"47","Giorgia Corporations","Alm Wallar","18 East Rd, Monroeville","T5A 2W9","Townsendependermereen","2","(705) 06 4440 57 76","alm.wallar2904@mail.com"
"48","GCO Inc. Inc.C. Hughe","Julianat Kellersonso","5 Boston Arabama Ave","H3E 0X7","Boylston City View","0","(5353) 29 4633 14","julianat.kellersonso3119@mail.com"
"49","Alliancipal","Raul Romero","2 Main Street Havenu","T 2C1Z0","Hilley Parke","0","(1308) 72 6495 40","raul.romero2271@mail.com"
"50","Affic Corporation","Monic Longsqueza","417 Highway","H 1Z0X1","West Covinal","2","(570) 95 3352 70 03","monic.longsqueza7934@mail.com"
"51","Vulcase Technologic","Marthan Hollo","53 2Nd Ave Extension","E 0P7C","Hayford","0","(8827) 42 0015 28","marthan.hollo940@mail.com"
"52","Haas","Sallynest Shawkinsons","706 Newington Aven Av","T5A 2X2","Boylston","0","(5655) 72 5530 47","sallynest.shawkinsons4048@mail.com"
"53","The Laboards","Raul Thornet","777 Timpany Pkwy","E 3K7C","Salvadowsandbridge","9","(553) 59-904-279","raul.thornet9140@mail.com"
"54","Shopko Peterson","Arlenee Greenezma","62 Sw, Charland","H3E 0P7B","Eustissouri Cityn","3","(8) 51 94 7095 00","arlenee.greenezma96@mail.com"
"55","Company","Mikec Caldwelly","35 Herkins Aven","L4P 3G8N","San Salt Louissouri","2","(004) 10 3872 96 21","mikec.caldwelly653@mail.com"
"56","Rited Ware","Wandyst Frazierrya","30 Colonett So","E 0P7E","Longa Rosandbridge","8","(826) 1020 8449 8","wandyst.frazierrya3466@mail.com"
"57","Enternations Hold","Julia Powelley","3 Hwy 43, Forth Bell","T5A 2T5","South Windermereat","0","(9350) 73 7540 18","julia.powelley9916@mail.com"
"58","S Corporation","Alfrede Hubbardn","1501 Hwy Station","G8N 2R","Cityouth Windependependa","7","(05) 099-54-91-361","alfrede.hubbardn4618@mail.com"
"59","Industrongs Inc. Internatio","Wandyst Waltones","1 East, Naugaturbridge","K 1H8T","Lloyd Center","9","(571) 04-742-343","wandyst.waltones8066@mail.com"
"60","Services Inc. of Nebranks","Wal Pricerre","195, Bennett","H7B 2E","Lloyd Center","1","325-71-722-51","wal.pricerre5850@mail.com"
"61","K Auto Corporational","Rebeccard Welchmi","65 Boston","J 2Y1X","Shaw Havendale Cityd","0","(0975) 80 1057 68","rebeccard.welchmi5508@mail.com"
"62","Tower Corp","Billia Morenchel","13858 Rt 9","J 0X7B","Penho Cucamonga Ro","0","(9667) 86 7187 83","billia.morenchel7487@mail.com"
"63","Offilianta Bransporational","Maryler Wolfersons","1 RT 9W, Dough","H3E 0X1Z","Dale","3","(6) 54 67 3692 78","maryler.wolfersons7612@mail.com"
"64","United Paperman Foods","Jef Fernand","209 Latham Pkwy","J2K 1H8T","Dale","6","86-7693-34","jef.fernand4055@mail.com"
"65","Systems Corporation","Mikec Foster","155 State","L7B 2E1","Road Townsendependent","3","(3) 46 27 5453 70","mikec.foster317@mail.com"
"66","BerkinElmer Scient Inc","Ellen Henryan","1 US Rt 12, Pitts","J 2Y1Z6C","Salvadort","7","(50) 279-29-48-762","ellen.henryan7056@mail.com"
"67","Shack & Stors Homes","Maurenc Powelle","155 W Main","T5A 1R3J","Salvadowsandbridge","1","611-83-329-12","maurenc.powelle7475@mail.com"
"68","Technologg Corp. Inc","Anitace Gregor","2500 S Wate Road, New","J 1P1Z","Boylston","4","(671) 6454 2324","anitace.gregor409@mail.com"
"69","BB&T Corp. Inc. Inc","Ednaldin Wilkersons","85 Stephenix Cice Hwy","L6A 0A9V","West Covinal Cityford","2","(753) 82 7038 63 92","ednaldin.wilkersons2551@mail.com"
"70","Story Genergy","Samarah Peter","1537 Hwy 31","E4N 1S1","Loney","5","(11) 232-54-435-41","samarah.peter7019@mail.com"
"71","Lilly Inc. Communication","Deannethr Bakers","186 Hwy Rt","J 0X1Z0X","Loney","3","(1) 88 45 3979 87","deannethr.bakers1736@mail.com"
"72","Kistaural","Ninaldine Parkers","44 North Oxford Se","J0H 1Z0X","South Windependermereenwi","8","(661) 2765 2651 3","ninaldine.parkers247@mail.com"
"73","Part Inc","Christy Burns","40 Elm Rive","N 3X0S1","Loney Poine","3","(7) 35 02 3395 30","christy.burns9232@mail.com"
"74","Desidenter","Scotteve Colemi","81 Pelham Shorencerpringt","G9T 2C1","Lloyd Center","3","(7) 50 24 5194 30","scotteve.colemi4751@mail.com"
"75","Mercus","Alfrederi Wongtone","2900 Methue","T 2C1H8E","Pke City Park Park","0","(5379) 46 0411 34","alfrederi.wongtone8342@mail.com"
"76","Corporational","Stan Mitchez","301 Fairfield","J8E 2H4V","Guatess","4","(039) 5847 0888","stan.mitchez3131@mail.com"
"77","Nort Sonsultersional","Ellen Woodmantiag","13858 Rt 59","T5A 1H","Hayford","2","(757) 79 7895 54 30","ellen.woodmantiag7963@mail.com"
"78","Petco Inc.D.C. Petrontin","Kevine Blakerso","5 Boston Rd, Street","V2G 1B","Lake Plaireno","4","(581) 3346 2729","kevine.blakerso8141@mail.com"
"79","Life Corporation","Daleriney Barbertson","262 Sw, Chicoperry","E 2Y0H","Guatest","4","(274) 1509 3615","daleriney.barbertson6138@mail.com"
"80","Corporation","Jack Lawr","2643 Hwy, Bay 280 Wa","G5R 0Y8","Eustissouri Cityn","2","(858) 48 6435 29 93","jack.lawr6472@mail.com"
"81","Scripps Petromb","Ritancis Diazarnerso","685 Scott Rd","E5A 2X2","South","1","265-90-882-47","ritancis.diazarnerso1084@mail.com"
"82","Resort","Floyde Millisons","6 Palisade Parkman","E 0P7C","Boylston","0","(7370) 68 9019 68","floyde.millisons3995@mail.com"
"83","Amer Services Trustri","Clara Thompso","5 Brington Route","J8E 2H4","San Salt Louissouri","0","(7364) 81 3408 15","clara.thompso7391@mail.com"
"84","Stor Inc. Computerprises","Almanthia Kinghambert","1 Wolcottalland","K7C 2L7","Loney","0","(5447) 26 0275 19","almanthia.kinghambert7980@mail.com"
"85","Archeinz","Tracyanie Willia","2001 S Carolisademy","P1B5A","Done Beacho","9","(752) 99-708-240","tracyanie.willia1314@mail.com"
"86","Flower","Lesterin Brider","80 Road 48, Derburgha","G0A 1H","Lloyd Center","0","(9170) 54 6876 03","lesterin.brider1695@mail.com"
"87","United","Monic Powelley","1717 Weevillege Seekon","V3A 0A9V","High Poine","0","(8086) 51 9049 64","monic.powelley3304@mail.com"
"88","Walthcare Inc. Heinz","Ednaldin Lopernander","43005 Bridge Avorounty","T1P 0L6","Windenter","1","921-11-655-90","ednaldin.lopernander2015@mail.com"
"89","Hospitablevicess","Bradle Franklins","417 Hwy, Brewton","J 1P1P","West Greenwicho Cuc","0","(5155) 02 5430 06","bradle.franklins8523@mail.com"
"90","Jefferson Steward","Debrandal Tuckers","6495 Fall","E4Y 2S2","San Salvadord Pason","2","(543) 49 6189 14 33","debrandal.tuckers8571@mail.com"
"91","Sachovide","Billia Blakerso","417 West Meadows","G9T 2C","San Rafaelray Beacho","5","(82) 466-73-446-83","billia.blakerso8776@mail.com"
"92","CBRL","Bra Shermande","55 Sanford Aven Ave","P9N 3X9","Harbort Smith","4","(420) 8364 5562","bra.shermande7756@mail.com"
"93","GreenPointific Corp","Christy Santoneseph","851 Anniston Blvd","V3A 0C4V","Pk Pago Parkst","0","(3228) 81 7764 37","christy.santoneseph7627@mail.com"
"94","Inc.W","Chadallyn Watkinsons","501 Hwy 231 N","T5A 2T5","Nort Louissouri","4","(870) 9596 3902","chadallyn.watkinsons4272@mail.com"
"95","Leasinois Heusen","Zachel Powelle","4538 Us Hwy 98","E8E 0P7","Lloyd Center","6","60-2030-27","zachel.powelle122@mail.com"
"96","MR Corporational Sons","Scotte Hickland","1 Worcester Drive","V 0L6A","San Salvadord Pason","3","(9) 93 45 3999 61","scotte.hickland3724@mail.com"
"97","Pason Inc","Colle Wheelerso","465 Crosperry Hwy","T 3L9N","Dale","1","383-17-253-05","colle.wheelerso1387@mail.com"
"98","Energy","Lou Johnsto","1537 Hwy 24","N 2R6C","Pk Pago Parkst","0","(7211) 26 4137 90","lou.johnsto6633@mail.com"
"99","Corporational Inc.P","Migueli Rosseye","710 Charland Blvd","V3A 0A9","Mounta Rosanta Bayouth","0","(9335) 88 6931 03","migueli.rosseye5414@mail.com"